{"cameraMode":{"drawMode":0,"name":"Shaded","section":"Shading Mode"},"sceneLighting":false,"audioPlay":false,"sceneViewState":{"m_AlwaysRefresh":false,"showFog":true,"showSkybox":false,"showFlares":true,"showImageEffects":true,"showParticleSystems":true,"showVisualEffectGraphs":true,"m_FxEnabled":true},"in2DMode":false,"pivot":{"x":-0.0028765201568603517,"y":0.508244514465332,"z":0.00041544437408447266},"rotation":{"x":-0.04946160688996315,"y":-0.8467769622802734,"z":-0.0799962729215622,"w":0.523591160774231},"size":6.256309986114502,"orthographic":false}