{"cameraMode":{"drawMode":0,"name":"Shaded","section":"Shading Mode"},"sceneLighting":false,"audioPlay":false,"sceneViewState":{"m_AlwaysRefresh":false,"showFog":true,"showSkybox":false,"showFlares":true,"showImageEffects":true,"showParticleSystems":true,"showVisualEffectGraphs":true,"m_FxEnabled":true},"in2DMode":false,"pivot":{"x":0.005914568901062012,"y":-0.0950157642364502,"z":0.001806497573852539},"rotation":{"x":-0.04946160688996315,"y":-0.8467769622802734,"z":-0.0799962729215622,"w":0.523591160774231},"size":3.375706195831299,"orthographic":false}